{
  "a": 383.86698880622714,
  "b": 0.001953742015998967,
  "c": -368.4815575946031,
  "equation": "y = 383.867 * exp(0.001954 * x) + -368.482"
}
