{
  "Linear": {
    "parameters": [
      0.6214767421753415,
      98.6603147155455
    ],
    "r_squared": 0.9204786266008026,
    "equation": "y = 0.621 * x + 98.660"
  },
  "Exponential": {
    "parameters": [
      -1102.1215837568438,
      -0.21492030573814613,
      334.2000000001053
    ],
    "r_squared": 2.220446049250313e-16,
    "equation": "y = -1102.122 * exp(-0.214920 * x) + 334.200"
  },
  "Logarithmic": {
    "parameters": [
      208.84263082526329,
      -890.3356240196026
    ],
    "r_squared": 0.9017223158662728,
    "equation": "y = 208.843 * ln(x) + -890.336"
  },
  "Polynomial": {
    "parameters": [
      -1.2882372771712864e-05,
      0.014459097531850902,
      -4.338258393230176,
      605.9110075414336
    ],
    "r_squared": 0.9771482848133313,
    "equation": "y = -0.000013 * x\u00b3 + 0.014 * x\u00b2 + -4.338 * x + 605.911"
  }
}